{"FDA_APPROVED": {"roc_fpr": [0.0, 0.0, 0.0, 0.16666666666666666, 0.16666666666666666, 0.5, 0.5, 0.6666666666666666, 0.6666666666666666, 0.8333333333333334, 0.8333333333333334, 1.0], "roc_tpr": [0.0, 0.007042253521126761, 0.6549295774647887, 0.6549295774647887, 0.7535211267605634, 0.7535211267605634, 0.852112676056338, 0.852112676056338, 0.9225352112676056, 0.9225352112676056, 1.0, 1.0], "pr_precision": [0.9594594594594594, 0.9659863945578231, 0.9657534246575342, 0.9655172413793104, 0.9652777777777778, 0.965034965034965, 0.9647887323943662, 0.9645390070921985, 0.9642857142857143, 0.9640287769784173, 0.9637681159420289, 0.9635036496350365, 0.9632352941176471, 0.9703703703703703, 0.9701492537313433, 0.9699248120300752, 0.9696969696969697, 0.9694656488549618, 0.9692307692307692, 0.9689922480620154, 0.96875, 0.968503937007874, 0.9682539682539683, 0.968, 0.9758064516129032, 0.975609756097561, 0.9754098360655737, 0.9752066115702479, 0.975, 0.9747899159663865, 0.9745762711864406, 0.9743589743589743, 0.9741379310344828, 0.9739130434782609, 0.9736842105263158, 0.9734513274336283, 0.9732142857142857, 0.972972972972973, 0.9727272727272728, 0.981651376146789, 0.9907407407407407, 0.9906542056074766, 0.9905660377358491, 0.9904761904761905, 0.9903846153846154, 0.9902912621359223, 0.9901960784313726, 0.9900990099009901, 0.99, 0.98989898989899, 0.9897959183673469, 0.9896907216494846, 0.9895833333333334, 0.9894736842105263, 0.9893617021276596, 1.0, 1.0, 1.0, 1.0, 1.0, 1.0, 1.0, 1.0, 1.0, 1.0, 1.0, 1.0, 1.0, 1.0, 1.0, 1.0, 1.0, 1.0, 1.0, 1.0, 1.0, 1.0, 1.0, 1.0, 1.0, 1.0, 1.0, 1.0, 1.0, 1.0, 1.0, 1.0, 1.0, 1.0, 1.0, 1.0, 1.0, 1.0, 1.0, 1.0, 1.0, 1.0, 1.0, 1.0, 1.0, 1.0, 1.0, 1.0, 1.0, 1.0, 1.0, 1.0, 1.0, 1.0, 1.0, 1.0, 1.0, 1.0, 1.0, 1.0, 1.0, 1.0, 1.0, 1.0, 1.0, 1.0, 1.0, 1.0, 1.0, 1.0, 1.0, 1.0, 1.0, 1.0, 1.0, 1.0, 1.0, 1.0, 1.0, 1.0, 1.0, 1.0, 1.0, 1.0, 1.0, 1.0, 1.0, 1.0, 1.0, 1.0, 1.0, 1.0, 1.0, 1.0], "pr_recall": [1.0, 1.0, 0.9929577464788732, 0.9859154929577465, 0.9788732394366197, 0.971830985915493, 0.9647887323943662, 0.9577464788732394, 0.9507042253521126, 0.9436619718309859, 0.9366197183098591, 0.9295774647887324, 0.9225352112676056, 0.9225352112676056, 0.9154929577464789, 0.9084507042253521, 0.9014084507042254, 0.8943661971830986, 0.8873239436619719, 0.8802816901408451, 0.8732394366197183, 0.8661971830985915, 0.8591549295774648, 0.852112676056338, 0.852112676056338, 0.8450704225352113, 0.8380281690140845, 0.8309859154929577, 0.823943661971831, 0.8169014084507042, 0.8098591549295775, 0.8028169014084507, 0.795774647887324, 0.7887323943661971, 0.7816901408450704, 0.7746478873239436, 0.7676056338028169, 0.7605633802816901, 0.7535211267605634, 0.7535211267605634, 0.7535211267605634, 0.7464788732394366, 0.7394366197183099, 0.7323943661971831, 0.7253521126760564, 0.7183098591549296, 0.7112676056338029, 0.704225352112676, 0.6971830985915493, 0.6901408450704225, 0.6830985915492958, 0.676056338028169, 0.6690140845070423, 0.6619718309859155, 0.6549295774647887, 0.6549295774647887, 0.647887323943662, 0.6408450704225352, 0.6338028169014085, 0.6267605633802817, 0.6197183098591549, 0.6126760563380281, 0.6056338028169014, 0.5985915492957746, 0.5915492957746479, 0.5845070422535211, 0.5774647887323944, 0.5704225352112676, 0.5633802816901409, 0.5563380281690141, 0.5492957746478874, 0.5422535211267606, 0.5352112676056338, 0.528169014084507, 0.5211267605633803, 0.5140845070422535, 0.5070422535211268, 0.5, 0.49295774647887325, 0.4859154929577465, 0.4788732394366197, 0.47183098591549294, 0.4647887323943662, 0.45774647887323944, 0.4507042253521127, 0.44366197183098594, 0.43661971830985913, 0.4295774647887324, 0.4225352112676056, 0.4154929577464789, 0.4084507042253521, 0.4014084507042254, 0.39436619718309857, 0.3873239436619718, 0.38028169014084506, 0.3732394366197183, 0.36619718309859156, 0.3591549295774648, 0.352112676056338, 0.34507042253521125, 0.3380281690140845, 0.33098591549295775, 0.323943661971831, 0.31690140845070425, 0.30985915492957744, 0.3028169014084507, 0.29577464788732394, 0.2887323943661972, 0.28169014084507044, 0.2746478873239437, 0.2676056338028169, 0.2605633802816901, 0.2535211267605634, 0.24647887323943662, 0.23943661971830985, 0.2323943661971831, 0.22535211267605634, 0.21830985915492956, 0.2112676056338028, 0.20422535211267606, 0.19718309859154928, 0.19014084507042253, 0.18309859154929578, 0.176056338028169, 0.16901408450704225, 0.1619718309859155, 0.15492957746478872, 0.14788732394366197, 0.14084507042253522, 0.13380281690140844, 0.1267605633802817, 0.11971830985915492, 0.11267605633802817, 0.1056338028169014, 0.09859154929577464, 0.09154929577464789, 0.08450704225352113, 0.07746478873239436, 0.07042253521126761, 0.06338028169014084, 0.056338028169014086, 0.04929577464788732, 0.04225352112676056, 0.035211267605633804, 0.028169014084507043, 0.02112676056338028, 0.014084507042253521, 0.007042253521126761, 0.0]}, "CT_TOX": {"roc_fpr": [0.0, 0.0070921985815602835, 0.014184397163120567, 0.014184397163120567, 0.02127659574468085, 0.02127659574468085, 0.06382978723404255, 0.06382978723404255, 0.20567375886524822, 0.20567375886524822, 0.2198581560283688, 0.2198581560283688, 0.24113475177304963, 0.24113475177304963, 0.3404255319148936, 0.3404255319148936, 1.0], "roc_tpr": [0.0, 0.0, 0.0, 0.14285714285714285, 0.14285714285714285, 0.2857142857142857, 0.2857142857142857, 0.42857142857142855, 0.42857142857142855, 0.5714285714285714, 0.5714285714285714, 0.7142857142857143, 0.7142857142857143, 0.8571428571428571, 0.8571428571428571, 1.0, 1.0],