{
  "model_type": "sklearn_ensemble",
  "version": "1.0.0",
  "training_date": "2026-02-20T15:18:07.067880",
  "dataset": "tox21",
  "tasks": [
    "NR-AR",
    "NR-AR-LBD",
    "NR-AhR",
    "NR-Aromatase",
    "NR-ER",
    "NR-ER-LBD",
    "NR-PPAR-gamma",
    "SR-ARE",
    "SR-ATAD5",
    "SR-HSE",
    "SR-MMP",
    "SR-p53"
  ],
  "n_tasks": 12,
  "fingerprint": {
    "type": "ECFP4 (Morgan)",
    "radius": 2,
    "n_bits": 2048
  },
  "split_method": "scaffold (Bemis-Murcko)",
  "split_ratios": "80/10/10",
  "rf_params": {
    "n_estimators": 500,
    "max_depth": null,
    "min_samples_split": 2,
    "min_samples_leaf": 1,
    "class_weight": "balanced",
    "n_jobs": -1,
    "random_state": 42
  },
  "gb_params": {
    "n_estimators": 200,
    "max_depth": 5,
    "learning_rate": 0.1,
    "subsample": 0.8,
    "min_samples_split": 5,
    "random_state": 42
  },
  "validation_metrics": {
    "NR-AR": {
      "auc_roc": 0.7527270184598173,
      "auc_pr": 0.5082012171261112,
      "accuracy": 0.9654218533886584,
      "balanced_accuracy": 0.7046196158866306,
      "f1": 0.5098039215686274,
      "mcc": 0.5054968976114895,
      "sensitivity": 0.41935483870967744,
      "specificity": 0.9898843930635838,
      "rf_auc": 0.7548713406675368,
      "gb_auc": 0.7840061532724222,
      "n_train": 5820,
      "n_valid": 723,
      "positive_rate_train": 0.0429553264604811,
      "positive_rate_valid": 0.042876901798063624
    },
    "NR-AR-LBD": {
      "auc_roc": 0.8397009966777409,
      "auc_pr": 0.4971106209455756,
      "accuracy": 0.9569377990430622,
      "balanced_accuracy": 0.6900332225913621,
      "f1": 0.425531914893617,
      "mcc": 0.4041464339549789,
      "sensitivity": 0.4,
      "specificity": 0.9800664451827242,
      "rf_auc": 0.8522591362126245,
      "gb_auc": 0.7682724252491694,
      "n_train": 5500,
      "n_valid": 627,
      "positive_rate_train": 0.03509090909090909,
      "positive_rate_valid": 0.03987240829346093
    },
    "NR-AhR": {
      "auc_roc": 0.7776121337827326,
      "auc_pr": 0.41772725074524497,
      "accuracy": 0.864297253634895,
      "balanced_accuracy": 0.5845432546884453,
      "f1": 0.288135593220339,
      "mcc": 0.2694355463306275,
      "sensitivity": 0.19540229885057472,
      "specificity": 0.9736842105263158,
      "rf_auc": 0.797662259096016,
      "gb_auc": 0.7546020222971221,
      "n_train": 5294,
      "n_valid": 619,
      "positive_rate_train": 0.1112580279561768,
      "positive_rate_valid": 0.14054927302100162
    },
    "NR-Aromatase": {
      "auc_roc": 0.7058908045977011,
      "auc_pr": 0.31947517453925445,
      "accuracy": 0.9155206286836935,
      "balanced_accuracy": 0.5523227969348659,
      "f1": 0.18867924528301888,
      "mcc": 0.23884840073626715,
      "sensitivity": 0.1111111111111111,
      "specificity": 0.9935344827586207,
      "rf_auc": 0.7297413793103449,
      "gb_auc": 0.6665229885057472,
      "n_train": 4783,
      "n_valid": 509,
      "positive_rate_train": 0.04348735103491533,
      "positive_rate_valid": 0.08840864440078586
    },
    "NR-ER": {
      "auc_roc": 0.641920668058455,
      "auc_pr": 0.311964440372832,
      "accuracy": 0.8646209386281588,
      "balanced_accuracy": 0.5618510786360473,
      "f1": 0.2268041237113402,
      "mcc": 0.2167247473342016,
      "sensitivity": 0.14666666666666667,
      "specificity": 0.9770354906054279,
      "rf_auc": 0.6533890048712596,
      "gb_auc": 0.6191788448155879,
      "n_train": 5078,
      "n_valid": 554,
      "positive_rate_train": 0.12721543914927136,
      "positive_rate_valid": 0.13537906137184116
    },
    "NR-ER-LBD": {
      "auc_roc": 0.8084170513168613,
      "auc_pr": 0.40364485359151314,
      "accuracy": 0.9593373493975904,
      "balanced_accuracy": 0.6332066250339397,
      "f1": 0.37209302325581395,
      "mcc": 0.3789840967455571,
      "sensitivity": 0.27586206896551724,
      "specificity": 0.9905511811023622,
      "rf_auc": 0.8143904425739887,
      "gb_auc": 0.7546022264458322,
      "n_train": 5631,
      "n_valid": 664,
      "positive_rate_train": 0.05309891671106375,
      "positive_rate_valid": 0.043674698795180725
    },
    "NR-PPAR-gamma": {
      "auc_roc": 0.7965016084558824,
      "auc_pr": 0.2960730723357245,
      "accuracy": 0.9409722222222222,
      "balanced_accuracy": 0.5275735294117647,
      "f1": 0.10526315789473684,
      "mcc": 0.12441815044835988,
      "sensitivity": 0.0625,
      "specificity": 0.9926470588235294,
      "rf_auc": 0.7782054227941176,
      "gb_auc": 0.7283720128676472,
      "n_train": 5292,
      "n_valid": 576,
      "positive_rate_train": 0.024943310657596373,
      "positive_rate_valid": 0.05555555555555555
    },
    "SR-ARE": {
      "auc_roc": 0.7557709115212586,
      "auc_pr": 0.5096471285000996,
      "accuracy": 0.7970401691331924,
      "balanced_accuracy": 0.5807156444398746,
      "f1": 0.29411764705882354,
      "mcc": 0.2761920595111436,
      "sensitivity": 0.18867924528301888,
      "specificity": 0.9727520435967303,
      "rf_auc": 0.744756053673333,
      "gb_auc": 0.728047401161894,
      "n_train": 4871,
      "n_valid": 473,
      "positive_rate_train": 0.1474029973311435,
      "positive_rate_valid": 0.22410147991543342
    },
    "SR-ATAD5": {
      "auc_roc": 0.7196002725414491,
      "auc_pr": 0.14628089520392812,
      "accuracy": 0.9367469879518072,
      "balanced_accuracy": 0.5214172155348625,
      "f1": 0.08695652173913043,
      "mcc": 0.07498931985653035,
      "sensitivity": 0.05714285714285714,
      "specificity": 0.985691573926868,
      "rf_auc": 0.7070179423120599,
      "gb_auc": 0.6986145809675222,
      "n_train": 5729,
      "n_valid": 664,
      "positive_rate_train": 0.034211904346308254,
      "positive_rate_valid": 0.05271084337349398
    },
    "SR-HSE": {
      "auc_roc": 0.6485849056603774,
      "auc_pr": 0.16249507189574722,
      "accuracy": 0.9198606271777003,
      "balanced_accuracy": 0.5085334476843911,
      "f1": 0.041666666666666664,
      "mcc": 0.05458224261710006,
      "sensitivity": 0.022727272727272728,
      "specificity": 0.9943396226415094,
      "rf_auc": 0.6782590051457977,
      "gb_auc": 0.6151157804459692,
      "n_train": 5314,
      "n_valid": 574,
      "positive_rate_train": 0.05287918705306737,
      "positive_rate_valid": 0.07665505226480836
    },
    "SR-MMP": {
      "auc_roc": 0.7861551728050469,
      "auc_pr": 0.5650853382700354,
      "accuracy": 0.8070866141732284,
      "balanced_accuracy": 0.5942542038259923,
      "f1": 0.3287671232876712,
      "mcc": 0.3075550589858085,
      "sensitivity": 0.21621621621621623,
      "specificity": 0.9722921914357683,
      "rf_auc": 0.798556743141126,
      "gb_auc": 0.7724828102661856,
      "n_train": 4776,
      "n_valid": 508,
      "positive_rate_train": 0.14886934673366833,
      "positive_rate_valid": 0.21850393700787402
    },
    "SR-p53": {
      "auc_roc": 0.7463059918557301,
      "auc_pr": 0.3223145559240242,
      "accuracy": 0.8888888888888888,
      "balanced_accuracy": 0.5315881326352531,
      "f1": 0.12195121951219512,
      "mcc": 0.1955166991132539,
      "sensitivity": 0.06666666666666667,
      "specificity": 0.9965095986038395,
      "rf_auc": 0.7714950552646888,
      "gb_auc": 0.6556719022687609,
      "n_train": 5489,
      "n_valid": 648,
      "positive_rate_train": 0.05028238294771361,
      "positive_rate_valid": 0.11574074074074074
    }
  },
  "test_metrics": {
    "NR-AR": {
      "auc_roc": 0.711051894918174,
      "balanced_accuracy": 0.6615794573643411,
      "f1": 0.4186046511627907,
      "mcc": 0.41647953220246875,
      "sensitivity": 0.3333333333333333,
      "specificity": 0.9898255813953488,
      "n_test": 715
    },
    "NR-AR-LBD": {
      "auc_roc": 0.8123531970421922,
      "balanced_accuracy": 0.679251848629839,
      "f1": 0.4375,
      "mcc": 0.43127655074949256,
      "sensitivity": 0.3684210526315789,
      "specificity": 0.9900826446280991,